term,estimate,std.error,statistic,p.value,conf.low,conf.high
(Intercept),37.28512616734203,1.8776273372558936,19.857575264020884,8.241798845326409e-19,33.45049957326608,41.11975276141798
wt,-5.344471572722675,0.559101045099323,-9.559044146972113,1.2939587013505116e-10,-6.486308237418259,-4.2026349080270915
