r.squared,adj.r.squared,sigma,statistic,p.value,df,logLik,AIC,BIC,deviance,df.residual,nobs
0.7528327936582645,0.7445938867802067,3.045882124789376,91.37532500376183,1.293958701350502e-10,1,-80.01471449593811,166.02942899187622,170.4266367002754,278.3219375433433,30,32
